,pvalue,Tolerance,VIF
Temp,0.25826599982103593,0.02121436194614945,47.13787775179855
RH,0.20216055844001543,0.6859322973658254,1.4578698274454835
ELEVATION,0.9980805226110286,0.02210940334104783,45.22962400090744
SLOPE,0.8168334281905226,0.7222846750589538,1.3844956629024128
SOLAR,0.6832558650797991,0.3208854110677717,3.116377265867029
TreeCOV,0.9198509834935207,0.671179042253614,1.4899154130950003
