,pvalue,Tolerance,VIF
RH,0.0702717065600298,0.7989885790715572,1.251582345722667
ELEVATION,0.00024722178415724743,0.2928644909650808,3.414548471563366
SLOPE,0.6317493979191041,0.7555878776302848,1.3234727946354217
SOLAR,0.7387538066637859,0.3222529973309429,3.103151897057559
TreeCOV,0.7604357598540954,0.6926809854635888,1.4436660179588048
