,pvalue,Tolerance,VIF
Temp,0.00012316933576554754,0.281008637667451,3.5586094730063498
RH,0.15027745915768959,0.8571915249477612,1.1666004281376228
SLOPE,0.8131821901116304,0.7358830180355578,1.3589116415126734
SOLAR,0.6768801169019021,0.32719832843886865,3.056250332241024
TreeCOV,0.9188335856569824,0.6738148551234991,1.4840871975384344
