{"0":{"NDVI":0.424539,"solar":0.464145,"thermal":13.980829,"ticks":17.0},"1":{"NDVI":0.387581,"solar":2.076295,"thermal":14.024561,"ticks":8.0},"2":{"NDVI":0.381647,"solar":3.399249,"thermal":14.021661,"ticks":19.0},"3":{"NDVI":0.360848,"solar":1.976942,"thermal":14.018732,"ticks":8.0},"4":{"NDVI":0.375619,"solar":3.495364,"thermal":13.97207,"ticks":5.0},"5":{"NDVI":0.427175,"solar":1.2316,"thermal":13.881555,"ticks":7.0},"6":{"NDVI":0.409164,"solar":6.177731,"thermal":13.720728,"ticks":11.0},"7":{"NDVI":0.414155,"solar":1.294208,"thermal":14.379877,"ticks":15.0},"8":{"NDVI":0.42845,"solar":0.621537,"thermal":14.90777,"ticks":5.0},"9":{"NDVI":0.369267,"solar":0.462883,"thermal":13.755853,"ticks":5.0},"10":{"NDVI":0.383062,"solar":1.926588,"thermal":13.919489,"ticks":9.0}}